,around,children,fire,for,man,out,sat,the,walk,went
0,0.0,0.0,0.0,0.42615959880289433,0.42615959880289433,0.42615959880289433,0.0,0.3032160644503863,0.42615959880289433,0.42615959880289433
1,0.40740123733358447,0.40740123733358447,0.40740123733358447,0.0,0.0,0.0,0.40740123733358447,0.5797386715376657,0.0,0.0
